{
    "average_scores": {
        "accuracy": 3.3630849220103984,
        "completeness": 2.9237435008665513,
        "relevance": 3.0961871750433274,
        "effectiveness": 3.0077989601386483
    },
    "average_rouge": {
        "rouge1": {
            "precision": 0.3374606652788019,
            "recall": 0.4698037227619595,
            "fmeasure": 0.37147012890946685
        },
        "rouge2": {
            "precision": 0.11422093595689892,
            "recall": 0.1730797900687861,
            "fmeasure": 0.12744563806972353
        },
        "rougeL": {
            "precision": 0.1920996206098584,
            "recall": 0.31322017847062783,
            "fmeasure": 0.21832729167534404
        }
    },
    "average_bertscore": {
        "Precision": 0.3553069487578782,
        "Recall": 0.4537609600932931,
        "F1": 0.40103326542731066
    }
}