file_name,accuracy,completeness,relevance,effectiveness,rouge1_fmeasure,rouge2_fmeasure,rougeL_fmeasure,bertscore_F1,total_score
qwen_max.json,3.4948096885813147,3.1038062283737022,3.2283737024221453,3.131487889273356,0.3583136005916559,0.11659883006029699,0.19294000120818666,0.3759275606759279,12.958477508650518
doubao_lite_4k.json,3.3219178082191783,2.75,2.958904109589041,2.8904109589041096,0.3582388552019918,0.12545162073257515,0.23430231945455676,0.4099185896134868,11.921232876712327
local_qwen_7b_results.json,3.249146757679181,2.638225255972696,2.8907849829351537,2.7849829351535837,0.37972699091470513,0.13656801570454308,0.247645682818647,0.42986318642554217,11.563139931740615
qwen_turbo.json,3.2968197879858656,2.904593639575972,3.070671378091873,2.9717314487632507,0.3733270442740402,0.12535276076224705,0.21934504489837828,0.4023018685752006,12.243816254416961
dialog_results_qwen_plus.json,3.411764705882353,3.0519031141868513,3.1972318339100347,3.1453287197231834,0.3744657203632508,0.13112479905025223,0.2130952244402068,0.3957675112778753,12.806228373702423
