{
    "average_scores": {
        "accuracy": 3.2968197879858656,
        "completeness": 2.904593639575972,
        "relevance": 3.070671378091873,
        "effectiveness": 2.9717314487632507
    },
    "average_rouge": {
        "rouge1": {
            "precision": 0.32427142067581416,
            "recall": 0.4814216633445152,
            "fmeasure": 0.3733270442740402
        },
        "rouge2": {
            "precision": 0.10803396237950598,
            "recall": 0.16957820819303124,
            "fmeasure": 0.12535276076224705
        },
        "rougeL": {
            "precision": 0.18561321270230552,
            "recall": 0.31031440202225297,
            "fmeasure": 0.21934504489837828
        }
    },
    "average_bertscore": {
        "Precision": 0.3467387798449597,
        "Recall": 0.46462747475704963,
        "F1": 0.4023018685752006
    }
}