{
    "average_scores": {
        "accuracy": 3.4948096885813147,
        "completeness": 3.1038062283737022,
        "relevance": 3.2283737024221453,
        "effectiveness": 3.131487889273356
    },
    "average_rouge": {
        "rouge1": {
            "precision": 0.2871022876389823,
            "recall": 0.5275841537452152,
            "fmeasure": 0.3583136005916559
        },
        "rouge2": {
            "precision": 0.08962579725517403,
            "recall": 0.1944561476525094,
            "fmeasure": 0.11659883006029699
        },
        "rougeL": {
            "precision": 0.1435995202492195,
            "recall": 0.35141546800283446,
            "fmeasure": 0.19294000120818666
        }
    },
    "average_bertscore": {
        "Precision": 0.300206301439792,
        "Recall": 0.4622604722176456,
        "F1": 0.3759275606759279
    }
}