{
    "average_scores": {
        "accuracy": 3.249146757679181,
        "completeness": 2.638225255972696,
        "relevance": 2.8907849829351537,
        "effectiveness": 2.7849829351535837
    },
    "average_rouge": {
        "rouge1": {
            "precision": 0.4214213683607049,
            "recall": 0.3680928106801766,
            "fmeasure": 0.37972699091470513
        },
        "rouge2": {
            "precision": 0.15129799730862317,
            "recall": 0.13573139964608982,
            "fmeasure": 0.13656801570454308
        },
        "rougeL": {
            "precision": 0.26943994508767816,
            "recall": 0.25154936445709597,
            "fmeasure": 0.247645682818647
        }
    },
    "average_bertscore": {
        "Precision": 0.44310506111750864,
        "Recall": 0.4191382232390038,
        "F1": 0.42986318642554217
    }
}