{
    "average_scores": {
        "accuracy": 3.411764705882353,
        "completeness": 3.0519031141868513,
        "relevance": 3.1972318339100347,
        "effectiveness": 3.1453287197231834
    },
    "average_rouge": {
        "rouge1": {
            "precision": 0.31590219490038585,
            "recall": 0.5034132888133658,
            "fmeasure": 0.3744657203632508
        },
        "rouge2": {
            "precision": 0.10741265461605884,
            "recall": 0.19286840713650205,
            "fmeasure": 0.13112479905025223
        },
        "rougeL": {
            "precision": 0.16880829775359116,
            "recall": 0.3401813333219554,
            "fmeasure": 0.2130952244402068
        }
    },
    "average_bertscore": {
        "Precision": 0.3300883676792305,
        "Recall": 0.4696026781129177,
        "F1": 0.3957675112778753
    }
}